,news_headline,news_article,news_category,news_timestamp,news_link
0,OPPO Find X2 Series to launch in India on 17th June,"Ending the wait for their flagship smartphone, OPPO will be launching the Find X2 Series in India on 17th June. With a billion-colour 120Hz Ultra Vision Screen, 65W SuperVOOC 2.0 Flash Charge, Snapdragon 865, and much more, the OPPO Find X2 Series promises to be the pinnacle of speed and performance.",Technology,2020-06-16 15:10:53.801209 Tuesday,/en/news/oppo-find-x2-series-to-launch-in-india-on-17th-june-1592159280788
1,Only 10% companies were systems resilient before COVID-19: Accenture research,"Only the top 10% of companies were systems resilient before COVID-19, according to Accenture's research of 8,300 companies. Systems resilience describes a system’s ability to operate during a major disruption or crisis by preventing outages, mitigating their impact, or recovering from them. Accenture analysed the companies on applications, architecture, data, cloud, infrastructure and network.",Technology,2020-06-16 15:10:53.803203 Tuesday,/en/news/only-10-companies-were-systems-resilient-before-covid19-accenture-research-1592222135027
2,Twitter restores account suspended for linking Chinese scientist to coronavirus,"Twitter said it has restored financial blog Zero Hedge's account after concluding that suspending it was an error. Twitter said the decision was based on ""additional context from the account holder in appeal"". The account was suspended in February for violating ""platform manipulation policy"", shortly after it accused a Chinese scientist of creating ""the strain of coronavirus"" that spread globally.",Technology,2020-06-16 15:10:53.804234 Tuesday,/en/news/twitter-restores-account-suspended-for-linking-chinese-scientist-to-coronavirus-1592118607913
3,Back to back team calls 12 hrs a day 'new normal' for me: Microsoft India President,"Microsoft India President Anant Maheshwari said that being present on back to back team calls for at least 12 hours a day has become the 'new normal' for him during coronavirus lockdown. He said the 'new normal' for corporates differs from industry to industry. ""IT services companies will definitely have a 'new normal' of a hybrid workplace,"" he added.",Technology,2020-06-16 15:10:53.804234 Tuesday,/en/news/back-to-back-team-calls-12-hrs-a-day-new-normal-for-me-microsoft-india-president-1592150697109
4,Saudi wealth fund PIF to invest $1.5 bn in Jio Platforms for 2.33% stake: Report,"Saudi Arabia's sovereign wealth fund Public Investment Fund (PIF) is set to invest around $1.5 billion (nearly ₹11,000 crore) in Mukesh Ambani-led Jio Platforms for 2.33% stake, Gulf News reported. If the investment goes through, it will mark the eleventh deal closed by the RIL unit in recent weeks. Jio has sold 22.38% stake for ₹1,04,326.95 crore within eight weeks.",Technology,2020-06-16 15:10:53.804234 Tuesday,/en/news/saudi-wealth-fund-pif-to-invest-$15-bn-in-jio-platforms-for-233-stake-report-1592283007877
5,"Churchill's pic disappears from list of British PMs on Google Search, Google responds","Winston Churchill's photo disappeared from Google's list of British Prime Ministers at a time when Black Lives Matter supporters are calling for his statue to be torn down. Google said this was not purposeful and will be resolved. ""Images in such panels are automatically created and updated. During an update, they can briefly disappear,"" Google added.",Technology,2020-06-16 15:10:53.804234 Tuesday,/en/news/churchills-pic-disappears-from-list-of-british-pms-on-google-search-google-responds-1592136060624
6,Winning AI in Facebook's $1M deepfake detection contest scores 65% accuracy,"In Facebook's Deepfake Detection Challenge, the winning model achieved an average accuracy of 65.18%. With over 2,000 participants competing for $1 million prize, the contest saw more than 35,000 AI models attempting to detect deepfakes from a black box dataset of 10,000 videos, which were not shared with the entrants. Deepfakes are doctored videos that ""convincingly"" imitate real people.",Technology,2020-06-16 15:10:53.804234 Tuesday,/en/news/winning-ai-in-facebooks-$1m-deepfake-detection-contest-scores-65-accuracy-1592201038882
7,"WhatsApp payments launches in Brazil, allows payments without leaving chat",Facebook CEO Mark Zuckerberg on Monday announced that WhatsApp's payments service is launching in Brazil that will allow users to send money or make a purchase from a local business without leaving their chat. The payments on WhatsApp will be enabled by Facebook Pay. The payments will work by way of a six-digit PIN or fingerprint to complete transactions.,Technology,2020-06-16 15:10:53.804234 Tuesday,/en/news/whatsapp-payments-launches-in-brazil-allows-payments-without-leaving-chat-1592235424595
8,"Ex-eBay execs charged with sending live cockroaches, 'bloody pig mask' to couple","Six former eBay employees, including its senior safety director, were charged in the US for ""cyberstalking"" the editor and publisher of an e-commerce newsletter viewed as ""critical"" of eBay. They allegedly sent the couple anonymous threats, live spiders, cockroaches, a funeral wreath and a ""bloody pig mask"", spied on the victims and ordered a ""preserved fetal pig"", which wasn't delivered.",Technology,2020-06-16 15:10:53.804234 Tuesday,/en/news/exebay-execs-charged-with-sending-live-cockroaches-bloody-pig-mask-to-couple-1592291281286
9,Apple patents glass coating technology to make iPhones more durable,"Apple has patented a new glass coating technology intended to make electronic devices more durable. The ""Spiral Grain Coatings"" could also account for anti-scratch and anti-reflection benefits. As per the patent, the coating layers applied on the glass structure of a device would be formed with polycrystalline materials, in which the grains will be implemented in an ""interlaced spiral"" format.",Technology,2020-06-16 15:10:53.804234 Tuesday,/en/news/apple-patents-glass-coating-technology-to-make-iphones-more-durable-1592203980154
10,Researchers create AI that makes blurry faces look over 60 times sharper,"Duke University researchers have created an artificial intelligence (AI) tool, which they claim turns ""blurriest"" photos into ""convincing"" computer-generated faces in HD. The tool can make blurry faces in photos look 64 times sharper. It works by searching through AI-generated images of HD faces until it finds ones that look like the input image when shrunk to the same size. ",Technology,2020-06-16 15:10:53.804234 Tuesday,/en/news/researchers-create-ai-that-makes-blurry-faces-look-over-60-times-sharper-1592110320718
11,New Zealand govt features nude 'porn actors' in web safety ad to educate youth,"New Zealand government featured two naked actors as 'pornstars' in a TV advertisement to educate youngsters about internet safety. It shows them on the doorstep of a house asking a mother whether they could meet her son who's been 'watching them' online. ""There's a difference between what you see online and real-life relationships,"" the mother tells her son on consent.",Technology,2020-06-16 15:10:53.804234 Tuesday,/en/news/new-zealand-govt-features-nude-porn-actors-in-web-safety-ad-to-educate-youth-1592222057970
12,"Jio Platforms to raise ₹4,546 crore from TPG in its 9th deal in 8 weeks","Reliance Industries has announced that US private equity firm TPG Capital will invest ₹4,546.8 crore in Jio Platforms for a 0.93% stake. This is the ninth investment in Jio Platforms in eight weeks. With this investment, Jio Platforms has raised ₹102,432 crore from investors including Facebook and Silver Lake.",Technology,2020-06-16 15:10:53.804234 Tuesday,/en/news/jio-platforms-to-raise-₹4546-crore-from-tpg-in-its-9th-deal-in-8-weeks-1592065535354
13,"Pinterest's two policy officials resign alleging racial discrimination, retaliation","Two black women who worked in image-sharing website Pinterest's public policy team said they left after facing workplace racial discrimination. Ifeoma Ozoma said she was underpaid, doxxed by a white colleague, got ""inadequate"" company response and faced a retaliatory performance review. Her colleague, Aerica Shimizu Banks, alleged she faced disparaging remarks about her ethnicity from her manager.",Technology,2020-06-16 15:10:53.804234 Tuesday,/en/news/pinterests-two-policy-officials-resign-alleging-racial-discrimination-retaliation-1592279784451
14,"ByteDance to shut short video app Vigo in India, let users transfer videos to TikTok","Chinese internet company ByteDance has announced plans to shut down its short video entertainment app 'Vigo Video' in India after October 31, 2020. Before Vigo's discontinuation, users of the service are being allowed to migrate all their videos to TikTok. ByteDance said it was saddened to shut down the app but did not provide an explanation for the decision.",Technology,2020-06-16 15:10:53.804234 Tuesday,/en/news/bytedance-to-shut-short-video-app-vigo-in-india-let-users-transfer-videos-to-tiktok-1592193237436
15,"India, 12 others lead initiative to counter COVID-19 'infodemic'","India and 12 other countries are leading an initiative aimed at spreading fact-based content to counter ""infodemic"" or manipulated information on coronavirus. Over 130 nations have endorsed a ""global call to fight"" the ""infodemic"" relating to the COVID-19 pandemic. ""Infodemics"" can raise the risk of conflict, violence, human rights violations and mass atrocities, a statement said.",Technology,2020-06-16 15:10:53.804234 Tuesday,/en/news/india-12-others-lead-initiative-to-counter-covid19-infodemic-1592153392641
16,Facebook tests adding Wikipedia info panel to search results,"Facebook is testing a feature that displays factual information from Wikipedia in some search results. The company confirmed it is piloting an updated version of Facebook Search that will let users searching for topics including, public figures or movies see an information box that gives all the details about it. The feature is currently being tested in English on iOS.",Technology,2020-06-16 15:10:53.804234 Tuesday,/en/news/facebook-tests-adding-wikipedia-info-panel-to-search-results-1592062212193
17,Google countersues Sonos over alleged patent infringement,"Google has countersued home speaker-maker Sonos accusing it of infringing five of its patents. It said Sonos had made ""false claims"" about their shared work and Google's technology in the lawsuit it filed against Google in January. Google added Sonos was using ""substantial volumes"" of its technology without permission for several products, including controller apps and Sonos Radio service.",Technology,2020-06-16 15:10:53.804234 Tuesday,/en/news/google-countersues-sonos-over-alleged-patent-infringement-1592055513196
18,"Google Assistant devices to get Voice Match, default speaker support","Google will be rolling out Voice Match and default speaker selection features this week for Google Assistant-compatible devices globally. Users will be able to make Google Assistant recognise their voice to receive personalised results even when they share the device with other people. Besides this, they will be able set their default music speaker for any Google Assistant-enabled device.",Technology,2020-06-16 15:10:53.805199 Tuesday,/en/news/google-assistant-devices-to-get-voice-match-default-speaker-support-1592068809007
19,Canada's spy agency warned of 'shock waves' from Huawei's CFO arrest: Reports,"A report by Canadian Security Intelligence Service shows it had warned of ""shockwaves around the world"" from Huawei's CFO Meng Wanzhou's arrest in 2018 in Canada, media reports said. The documents released in court show CSIS' involvement in Meng's arrest. In a redacted December 1, 2018 memo, CSIS said it was advised by FBI of plans to arrest Wanzhou.",Technology,2020-06-16 15:10:53.805199 Tuesday,/en/news/canadas-spy-agency-warned-of-shock-waves-from-huaweis-cfo-arrest-reports-1592068321169
20,Microsoft Teams gets new custom background effects,Microsoft has announced the rollout of new custom background effects in Teams. Users will be able to customise their background by uploading their own images or by choosing one of the collections of backgrounds now available online. Some of the backgrounds that Teams has to offer include a mountain of LEGO building blocks and The Simpsons' living room.,Technology,2020-06-16 15:10:53.805199 Tuesday,/en/news/microsoft-teams-gets-new-custom-background-effects-1592069505435
21,Jeff Bezos agrees to testify on Amazon's use of seller data before US Congress,"Amazon on Monday told a US congressional panel, which is investigating potential violations of antitrust law by big technology companies, that its CEO Jeff Bezos is willing to testify. The companies under scrutiny include Google, Apple, Amazon and Facebook. In May, the committee demanded Bezos' testimony after a report claimed Amazon uses data from third-party sellers to create competing products.",Technology,2020-06-16 15:10:53.805199 Tuesday,/en/news/jeff-bezos-agrees-to-testify-on-amazons-use-of-seller-data-before-us-congress-1592287453255
22,Google asks staff not to schedule 'unnecessary meetings' on Juneteenth in US,"Google has asked its employees not to schedule any ""unnecessary meetings"" on June 19, also called 'Juneteenth' in the US. ""We encourage all...to use this day to create space for learning and reflection...It's important for us to find moments of connection as a community,"" it said. June 19 commemorates the US abolition of slavery by President Abraham Lincoln's Emancipation Proclamation.",Technology,2020-06-16 15:10:53.805199 Tuesday,/en/news/google-asks-staff-not-to-schedule-unnecessary-meetings-on-juneteenth-in-us-1592052320231
23,"Facebook testing Face ID, Touch ID unlock for Messenger on iOS","Facebook is testing a feature for Messenger on iOS to allow users to unlock it using Face ID, Touch ID or passcode, even if the phone is unlocked. The feature relies on the device's security settings and will use phone's default unlock method to unlock Messenger. Users will also be able to set a time period for auto-locking the app.",Technology,2020-06-16 15:10:53.805199 Tuesday,/en/news/facebook-testing-face-id-touch-id-unlock-for-messenger-on-ios-1592043816727
24,SpaceX launches 58 Starlink satellites & 3 Planet SkySat spacecraft ,"SpaceX announced that its Falcon 9 rocket has successfully launched 58 more satellites for the Starlink constellation. This brings the total of operational Starlink broadband internet satellites on orbit to 538. SpaceX also launched three Planet SkySat spacecraft, making it its first ""SmallSat Rideshare"" launch. SpaceX had launched previous batch of Starlink satellites on June 4.",Technology,2020-06-16 15:10:53.805199 Tuesday,/en/news/spacex-launches-58-starlink-satellites-3-planet-skysat-spacecraft-1592060036930
25,You said we would play tennis together one day: Sania Mirza on Sushant's demise,"Following the demise of Bollywood actor Sushant Singh Rajput, Indian tennis player Sania Mirza tweeted, ""Sushant...you said we would  play tennis together one day."" She added, ""You were so full of life and laughs...spreading smiles everywhere you went...we didn't even know you were hurting this bad...the world will miss you...shaking while I write this...RIP my friend.""",Sports,2020-06-16 15:10:53.805199 Tuesday,/en/news/you-said-we-would-play-tennis-together-one-day-sania-mirza-on-sushants-demise-1592146720857
26,Sachin Tendulkar was stunned when he saw Sushant Singh Rajput bat: Kiran More,"Former India wicketkeeper Kiran More, who trained late actor Sushant Singh Rajput for 'MS Dhoni: The Untold Story', revealed that Sachin Tendulkar was left stunned with his batting while practising. ""I told Sachin it's the actor Sushant...Sachin was so shocked and said, 'He can play proper professional cricket if he wants to. He seems that good',"" More added.",Sports,2020-06-16 15:10:53.805199 Tuesday,/en/news/sachin-tendulkar-was-stunned-when-he-saw-sushant-singh-rajput-bat-kiran-more-1592184650771
27,We lost a lovely kid: Kiran More who trained Sushant Singh Rajput for Dhoni's biopic,"Ex-India wicketkeeper Kiran More, who trained Sushant Singh Rajput for MS Dhoni's biopic, has said that an unbelievable journey has been cut short by the actor's death aged 34. ""We lost a lovely kid, a hardworking, educated and successful person,"" he added. ""He practised regularly for nine months for the role...He mastered Dhoni's helicopter shot,"" More added about training him.",Sports,2020-06-16 15:10:53.805199 Tuesday,/en/news/we-lost-a-lovely-kid-kiran-more-who-trained-sushant-singh-rajput-for-dhonis-biopic-1592143658368
28,"Footballer dies aged 34, family says body sent to 2nd wife they were unaware of","Naresh Aula, who worked at ONGC in Silchar and also played football representing the PSU, died aged 34. ONGC sent his body to Mizoram to a woman named Lal Muan Kui, who was listed as his wife in official records. Naresh's family said they were ""too shocked"" as he was already married to another woman and had a four-year-old daughter.",Sports,2020-06-16 15:10:53.805199 Tuesday,/en/news/footballer-dies-aged-34-family-says-body-sent-to-2nd-wife-they-were-unaware-of-1592220937352
29,Sushant Singh Rajput's demise has left Mahi very morose: MS Dhoni's manager,"Former India captain MS Dhoni's manager Arun Pandey has said that the demise of Bollywood actor Sushant Singh Rajput has left Dhoni ""very morose"". Pandey added, ""We can't even believe what has happened. Such a tragic incident."" He further said, ""Sushant was only 34 and a prosperous career was waiting for him, I have no doubt about that.""",Sports,2020-06-16 15:10:53.805199 Tuesday,/en/news/sushant-singh-rajputs-demise-has-left-mahi-very-morose-ms-dhonis-manager-1592215269786
30,Saliva ban favouring batsmen is bloody storm in a teacup: Greg Chappell,"Ex-India head coach Greg Chappell has said the talks of saliva ban favouring batsmen is a ""bloody storm in a teacup"" but sweat will also be very effective when it comes to shining the ball. ""If they’re wiping perspiration from their forehead...there's sunscreen there. Perspiration will be equal of saliva. I don't see the difference, to be honest,"" he added.",Sports,2020-06-16 15:10:53.805199 Tuesday,/en/news/saliva-ban-favouring-batsmen-is-bloody-storm-in-a-teacup-greg-chappell-1592237690092
31,Virat Kohli sledged me for talking to his ex-girlfriend: Former England batsman Nick Compton,"Ex-England batsman Nick Compton has revealed he was sledged by Virat Kohli during the team's tour of India in 2012.""I just chatted to his [ex-girlfriend] and the word got back I was speaking to her...and I don't think Kohli was...happy with that. He had a few words to say to me every time I walked out to bat,"" Compton said.",Sports,2020-06-16 15:10:53.805199 Tuesday,/en/news/virat-kohli-sledged-me-for-talking-to-his-exgirlfriend-former-england-batsman-nick-compton-1592230835362
32,Aakash Chopra criticises YouTube post saying coronavirus is a punishment for Afridi,"Cricketer-turned-commentator Aakash Chopra took to Twitter to share a screenshot of a YouTube video which was titled 'Afridi ko mili kukarmo ki saza. Afridi tests corona positive'. Reacting to it, he wrote, ""Are we serious?? Sensitivity...humanity...thing of the past?? Wish you a speedy recovery, Shahid. May the force be with you.""",Sports,2020-06-16 15:10:53.805199 Tuesday,/en/news/aakash-chopra-criticises-youtube-post-saying-coronavirus-is-a-punishment-for-afridi-1592153824419
33,Can't come to terms that this has happened: Rohit on Sushant's suicide,"Reacting to Bollywood actor Sushant Singh Rajput committing suicide at the age of 34, India opener Rohit Sharma tweeted, ""Can't come to terms that this has happened."" ""Really disturbing. Brilliant actor RIP brother,"" he added. Sushant made his Bollywood debut with the 2013 film 'Kai Po Che!' and also starred in films like 'Chhichhore' and 'Kedarnath'.",Sports,2020-06-16 15:10:53.805199 Tuesday,/en/news/cant-come-to-terms-that-this-has-happened-rohit-on-sushants-suicide-1592145098748
34,Mental health needs more attention than it gets: Laxman on Sushant's suicide,"Condoling the demise of Bollywood actor Sushant Singh Rajput, ex-India cricketer VVS Laxman tweeted, ""Mental health...needs more attention than it gets."" ""Being sensitive, compassionate, gentle and consistently reaching out to those struggling is very important,"" he added. Sushant was found hanging at his residence with the police stating that they have not found anything suspicious yet.",Sports,2020-06-16 15:10:53.805199 Tuesday,/en/news/mental-health-needs-more-attention-than-it-gets-laxman-on-sushants-suicide-1592152144446
35,"IPL 1st priority, Vijay Hazare, Duleep, Deodhar Trophy can be scrapped: Jaffer","Former India cricketer Wasim Jaffer has said that Vijay Hazare, Duleep and Deodhar Trophy can be scrapped this season over COVID-19 and instead full-fledged Ranji Trophy and Syed Mushtaq Ali Trophy should be held. ""Whenever cricket starts, the priority is to have the IPL first...[then] BCCI can look to start the domestic season with the Irani Cup,"" he added. ",Sports,2020-06-16 15:10:53.805199 Tuesday,/en/news/ipl-1st-priority-vijay-hazare-duleep-deodhar-trophy-can-be-scrapped-jaffer-1592222265729
36,May consider retirement if pools don't open: Asian Games medallist swimmer Khade,"Swimmer Virdhawal Khade, who won bronze at the 2010 Asian Games, has said that he ""might consider retirement"" if the swimming pools don't open amid COVID-19. ""It is unfair that swimming hasn't been given permission in Unlock 1.0 to open up...Olympics is just a year away...this time is mentally very challenging,"" he stated. Khade has qualified for Tokyo Olympics. ",Sports,2020-06-16 15:10:53.805199 Tuesday,/en/news/may-consider-retirement-if-pools-dont-open-asian-games-medallist-swimmer-khade-1592232250103
37,It's probably the best way to get Baggy Green: Zampa on NSW move,"Adam Zampa, who is yet to make his Test debut for Australia, has termed his move to play for New South Wales as ""best way"" to play Test cricket. ""Nathan [Lyon] has spot...[in Australia Test side]...and solidly for the next three or four years...If I can form a relationship with him...that's probably the best way...to get Baggy Green,"" he stated. ",Sports,2020-06-16 15:10:53.805199 Tuesday,/en/news/its-probably-the-best-way-to-get-baggy-green-zampa-on-nsw-move-1592238921725
38,Babar Azam's calmness gives him edge over Virat Kohli: Saqlain Mushtaq,"Ex-Pakistan spinner Saqlain Mushtaq has said that Pakistan limited-overs captain Babar Azam's calmness gives him ""an edge"" over India skipper Virat Kohli. He, however, also added that both are ""great players, with a great technique, and are mentally very strong"". Earlier, Ex-Pakistan batsman Aamir Sohail had suggested that Babar should show some aggression on the field like Kohli does. ",Sports,2020-06-16 15:10:53.805199 Tuesday,/en/news/babar-azams-calmness-gives-him-edge-over-virat-kohli-saqlain-mushtaq-1592240494663
39,"If we look at 2019 World Cup, it was bad planning: Irfan Pathan","Talking about the 2019 World Cup, ex-India all-rounder Irfan Pathan said that India ""were struggling with having a proper eleven"" in the tournament. ""It was bad planning...the only thing lacking [during the tournament was] that we did not have a number four batsman,"" he stated. ""If we have better planning...we have all the resources to be a champion,"" Pathan added.",Sports,2020-06-16 15:10:53.805199 Tuesday,/en/news/if-we-look-at-2019-world-cup-it-was-bad-planning-irfan-pathan-1592152773383
40,"Saw Tendulkar, Dhoni, Sehwag, wanted to take autographs: Compton recalls debut","Recalling his Test debut in 2012 against India, ex-England batsman Nick Compton revealed when he saw Sachin Tendulkar, MS Dhoni, Virender Sehwag and Virat Kohli on the field, he wanted to take their autographs. ""Coming out and taking guard...and suddenly I am looking at Tendulkar, Dhoni, Sehwag, Kohli...you had to pinch yourself...I almost wanted to shake their hands,"" he added. ",Sports,2020-06-16 15:10:53.805199 Tuesday,/en/news/saw-tendulkar-dhoni-sehwag-wanted-to-take-autographs-compton-recalls-debut-1592148740000
41,"2007 WC lowest point of my career, Chappell disrupted solid team: Harbhajan","India off-spinner Harbhajan Singh has said that the 2007 ICC World Cup, where India were eliminated in the first round, is ""the lowest point"" of his career. On the then India head coach Greg Chappell, Harbhajan said, ""He disrupted the entire team...I don't know what motive he came with...no one knows how to disrupt a solid team better than him.""",Sports,2020-06-16 15:10:53.805199 Tuesday,/en/news/2007-wc-lowest-point-of-my-career-chappell-disrupted-solid-team-harbhajan-1592219451646
42,Chelsea's Hudson-Odoi not to face any action from police over rape allegation,"Chelsea forward Callum Hudson-Odoi has claimed that after a ""full and thorough investigation"" the police have confirmed that ""they will take no further action"" against him over the rape allegation. ""I have stayed silent and assisted the police fully throughout their enquiries,"" he added. Hudson-Odoi was arrested on May 17 after a woman, who visited him, called the police. ",Sports,2020-06-16 15:10:53.805199 Tuesday,/en/news/chelseas-hudsonodoi-not-to-face-any-action-from-police-over-rape-allegation-1592153777324
43,"Ask any fan, everyone will say intent was not there: Hafeez on Ind-Eng WC match","Pakistan all-rounder Mohammad Hafeez has said that, as a fan, he did not see the match-winning intent from India in the 2019 World Cup match against England. ""The encounter factor was missing where both teams were playing to win,"" he added. This comes after England all-rounder Ben Stokes said that MS Dhoni showed ""little or no intent"" during the match. ",Sports,2020-06-16 15:10:53.805199 Tuesday,/en/news/ask-any-fan-everyone-will-say-intent-was-not-there-hafeez-on-indeng-wc-match-1592241221991
44,Dhoni deserves 50% credit for Kuldeep and my success: Chahal,"India leg-spinner Yuzvendra Chahal has said that former India skipper MS Dhoni ""deserves 50% credit"" for the success that he and Kuldeep Yadav have enjoyed in international cricket. ""Whatever wickets I have in international cricket, half of them have come because of his plans,"" Chahal stated. ""If Mahi bhai...[asks]...us to take the DRS...batsman would definitely be out,"" he added. ",Sports,2020-06-16 15:10:53.805199 Tuesday,/en/news/dhoni-deserves-50-credit-for-kuldeep-and-my-success-chahal-1592226431746
45,I would jump at opportunity to work with Team India: Azharuddin,"Ex-India captain and current President of the Hyderabad Cricket Association Mohammed Azharuddin has said that he would ""jump"" at the opportunity to work with Team India. ""I'm ready to give it a shot...I would jump at it without batting an eyelid,"" he stated. Azharuddin captained India in 47 Tests, winning 14 matches, and 174 ODIs, winning 90 of them. ",Sports,2020-06-16 15:10:53.806225 Tuesday,/en/news/i-would-jump-at-opportunity-to-work-with-team-india-azharuddin-1592230614197
46,I have been a huge fan of his batting: KL Rahul on Rohit Sharma,"India batsman KL Rahul has revealed that he has been a ""huge fan"" of Rohit Sharma's batting. ""Rohit is someone in the team who has given me that sense that he has a lot of faith in me,"" he stated. ""When senior players feel like there is a guy who...can be among...the senior players...that gives...a lot of confidence,"" Rahul added.",Sports,2020-06-16 15:10:53.806225 Tuesday,/en/news/i-have-been-a-huge-fan-of-his-batting-kl-rahul-on-rohit-sharma-1592215623440
47,India are in a strong position with regard to fast bowling: Shaun Pollock,"Ex-South Africa all-rounder Shaun Pollock has said India are currently in a ""strong position"" with regard to fast bowling. ""If you decide to go with three or even [with] four seamers, you now have got guys...in the years gone by...you might have had [Javagal] Srinath or Venkatesh Prasad, but then the...third bowler...was not of the same quality,"" he added. ",Sports,2020-06-16 15:10:53.806225 Tuesday,/en/news/india-are-in-a-strong-position-with-regard-to-fast-bowling-shaun-pollock-1592214797658
48,Ravindra Jadeja best fielder in the game currently: Steve Smith,"India all-rounder Ravindra Jadeja is the best fielder in the game currently, said Australia batsman Steve Smith while answering questions sent in by fans on Instagram. On being asked to name an Indian batsman who has impressed him, Smith said, ""KL Rahul. Very good player!"" During the session, Smith termed Virat Kohli a ""freak"" when it comes to batting. ",Sports,2020-06-16 15:10:53.806225 Tuesday,/en/news/ravindra-jadeja-best-fielder-in-the-game-currently-steve-smith-1592226265916
49,Sprinter Hima Das nominated for Khel Ratna by Assam government,"The Assam government has nominated 2018 Asian Games silver medallist sprinter Hima Das for the Rajiv Gandhi Khel Ratna Award 2020. The 20-year-old, who won five international gold medals within three weeks in 2019, has already been conferred with Arjuna Award. Javelin thrower Neeraj Chopra, wrestler Vinesh Phogat, cricketer Rohit Sharma have also been nominated for this year's Khel Ratna.",Sports,2020-06-16 15:10:53.806225 Tuesday,/en/news/sprinter-hima-das-nominated-for-khel-ratna-by-assam-government-1592233134381
50,"China accuses India of crossing border after Army officer, 2 jawans martyred","China accused India of crossing border after an Indian Army officer and two jawans were martyred in Ladakh. ""Ask India to not take unilateral actions or stir up trouble,"" China said. Meanwhile, Defence Minister Rajnath Singh held a meeting with Chief of Defence Staff General Bipin Rawat and External Affairs Minister Dr S Jaishankar over the incident.",World,2020-06-16 15:10:53.806225 Tuesday,/en/news/china-accuses-india-of-crossing-border-after-army-officer-2-jawans-martyred-1592296162829
51,Casualties suffered on both sides in 'violent face-off' with China: Indian Army,"The Indian Army amended its statement and said there were ""casualties on both sides"" in ""violent face-off"" during the de-escalation process with China in Ladakh. An Indian Army officer and two jawans have been martyred. Following the incident, Defence Minister Rajnath Singh held a meeting with Chief of Defence Staff General Bipin Rawat and External Affairs Minister Dr S Jaishankar.",World,2020-06-16 15:10:53.806225 Tuesday,/en/news/casualties-suffered-on-both-sides-in-violent-faceoff-with-china-indian-army-1592297432380
52,New Zealand records 2 COVID-19 cases days after declaring itself coronavirus-free,"Days after declaring itself coronavirus-free, New Zealand recorded two cases of COVID-19. Both of the new cases, which are related, have been diagnosed ""as a result of recent travel from the UK"", health officials said. The country has recorded 1,504 cases so far. On Monday, PM Jacinda Ardern had said, ""We'll have cases again in the future.""",World,2020-06-16 15:10:53.806225 Tuesday,/en/news/new-zealand-records-2-covid19-cases-days-after-declaring-itself-coronavirusfree-1592280537238
53,Only US agencies couldn't grasp benefits of HCQ: Trump as FDA revokes emergency use ,"US President Donald Trump has said other countries had provided great reports on effectiveness of Hydroxychloroquine (HCQ) for treatment of COVID-19, adding that only US agencies have failed to grasp its benefits. This comes after US Food and Drug Administration (FDA) revoked its emergency use authorisation for HCQ to treat COVID-19. Trump has in the past praised the drug's usefulness.",World,2020-06-16 15:10:53.806225 Tuesday,/en/news/only-us-agencies-couldnt-grasp-benefits-of-hcq-trump-as-fda-revokes-emergency-use-1592285933602
54,New Zealand govt features nude 'porn actors' in web safety ad to educate youth,"New Zealand government featured two naked actors as 'pornstars' in a TV advertisement to educate youngsters about internet safety. It shows them on the doorstep of a house asking a mother whether they could meet her son who's been 'watching them' online. ""There's a difference between what you see online and real-life relationships,"" the mother tells her son on consent.",World,2020-06-16 15:10:53.806225 Tuesday,/en/news/new-zealand-govt-features-nude-porn-actors-in-web-safety-ad-to-educate-youth-1592222057970
55,UP princess' pics removed from menu at China's restaurant after her family complains,"An Indian restaurant in China's Shanghai removed pictures of former Uttar Pradesh princess Mehrunissa Khan from their menu after her family filed a complaint with Indian Embassy. The pictures of the princess, late Nawab of Rampur Syed Raza Ali Khan's daughter, were printed to showcase Mughlai cuisine's cultural background. According to the complaint, the eatery didn't take the family's permission.",World,2020-06-16 15:10:53.806225 Tuesday,/en/news/up-princess-pics-removed-from-menu-at-chinas-restaurant-after-her-family-complains-1592236874860
56,"Indian officials in Pak beaten, made to drink dirty water during 12-hr detention: Reports","The two staff members of the Indian High Commission in Pakistan's Islamabad, who were kept under detention for almost 12 hours, were beaten and made to drink dirty water, according to reports. They were reportedly taken away by a group of around 15-16 armed people. They were blindfolded with a rucksack thrown over their heads and handcuffed, reports added.",World,2020-06-16 15:10:53.806225 Tuesday,/en/news/indian-officials-in-pak-beaten-made-to-drink-dirty-water-during-12hr-detention-reports-1592292632745
57,Officer kneeling on girl's neck during protest was within protocol: Hong Kong police,"Hong Kong Police has claimed the neck restraint used on a schoolgirl during a pro-democracy protest was within protocol. In a video, the female student was seen being pushed to the ground by two police officers. While arresting her, one officer had pressed his knee on her neck and the other officer's knee was seen on her waist.",World,2020-06-16 15:10:53.806225 Tuesday,/en/news/officer-kneeling-on-girls-neck-during-protest-was-within-protocol-hong-kong-police-1592222267835
58,North Korea blows up inter-Korean liaison office amid tensions with S Korea,"North Korea blew up the inter-Korean joint liaison office in its border town of Kaesong on Tuesday amid tensions on the Korean Peninsula over defectors sending anti-North leaflets from South Korea. Earlier, military sources said that smoke was seen and an explosion was heard from the border town. This comes after North Korean army said it was ready for action.",World,2020-06-16 15:10:53.806225 Tuesday,/en/news/north-korea-blows-up-interkorean-liaison-office-amid-tensions-with-s-korea-1592293531463
59,Thailand lifts curfew as no local COVID-19 cases recorded in 21 days,"Thailand on Monday lifted its nationwide curfew after more than two months as the country recorded no new cases of local COVID-19 transmission in 21 days. ""All new cases in the past three weeks have been found in quarantine among Thais returning from abroad,"" a government spokesperson said. Thailand has recorded 3,135 coronavirus cases and 58 fatalities so far.",World,2020-06-16 15:10:53.806225 Tuesday,/en/news/thailand-lifts-curfew-as-no-local-covid19-cases-recorded-in-21-days-1592220168732
60,New York allows gatherings of up to 25 people amid COVID-19 spread,New York Governor Andrew Cuomo on Monday said that gatherings of up to 25 people will be permitted in parts of New York that have entered the third phase of the state's reopening plan. Cuomo also said that the state has reached the lowest number of hospitalisations and deaths on the three-day average since the coronavirus pandemic began.,World,2020-06-16 15:10:53.806225 Tuesday,/en/news/new-york-allows-gatherings-of-up-to-25-people-amid-covid19-spread-1592297601731
61,"Pak reports 5,248 new COVID-19 cases, 97 more deaths in past 24 hrs","Pakistan reported 5,248 new cases of coronavirus and 97 more deaths in the past 24 hours, its Health Ministry said on Monday. The total number of coronavirus cases in Pakistan rose to over 1.44 lakh while the death toll increased to 2,729, it added. Over 8.97 lakh people have been tested for coronavirus in Pakistan so far.",World,2020-06-16 15:10:53.806225 Tuesday,/en/news/pak-reports-5248-new-covid19-cases-97-more-deaths-in-past-24-hrs-1592226460860
62,Norway stops use of coronavirus tracing app over privacy concerns,"Norway has suspended the use of its smartphone app Smittestopp meant to track and trace coronavirus spread. The Norwegian Data Protection Authority ruled that it represented a disproportionate intrusion into users' privacy. Camilla Stoltenberg, Director of Norwegian Institute of Public Health, which was handling the collected data, said this would weaken Norway's response to coronavirus spread.",World,2020-06-16 15:10:53.806225 Tuesday,/en/news/norway-stops-use-of-coronavirus-tracing-app-over-privacy-concerns-1592290079523
63,China has continually violated its promises to US and others: Trump,"US President Donald Trump said that the Chinese government has continually violated its promises
to the US and many other countries. ""The US wants an open and constructive relationship with China but achieving that relationship requires us to vigorously defend our national interests,"" Trump added. Trump has been pressing China to agree for an inquiry into the origin of COVID-19.",World,2020-06-16 15:10:53.806225 Tuesday,/en/news/china-has-continually-violated-its-promises-to-us-and-others-trump-1592223824122
64,US making very good headway with respect to COVID-19 vaccines: Trump,"US President Donald Trump has said that the country is making very good headway with respect to finding vaccines for coronavirus. ""We're making very good headway therapeutically and a cure-wise, I think really, really tremendous headway,"" he said. ""I've seen the results. I've met with some of the people that do the work...people that have succeeded before,"" he added.",World,2020-06-16 15:10:53.806225 Tuesday,/en/news/us-making-very-good-headway-with-respect-to-covid19-vaccines-trump-1592291691861
65,Ukraine President's wife who tested COVID-19 positive hospitalised,"Ukrainian President Volodymyr Zelensky's wife Olena Zelenska was hospitalised after contracting coronavirus, the presidential office said on Tuesday. Zelenska, whose condition is said to be stable, was diagnosed with COVID-19 - bilateral polysegmental pneumonia of moderate severity. Zelensky and their two children had tested negative for coronavirus.",World,2020-06-16 15:10:53.806225 Tuesday,/en/news/ukraine-presidents-wife-who-tested-covid19-positive-hospitalised-1592299829613
66,"B'desh finalises zone-based COVID-19 lockdown as total cases cross 90,619","Bangladesh has finalised its colour-coded zone-based strategy for COVID-19 lockdown as its total number of coronavirus cases reached 90,619. In Dhaka and Chattogram cities, areas that report a minimum of 60 COVID-19 infections per 1 lakh people in last 14 days will be designated as red zones. The ratio for red zone elsewhere is 10 cases per 1 lakh people.",World,2020-06-16 15:10:53.806225 Tuesday,/en/news/bdesh-finalises-zonebased-covid19-lockdown-as-total-cases-cross-90619-1592224799063
67,"Officer, 2 jawans martyred in violent face-off with Chinese Army at Galwan Valley: Army","The Indian Army on Tuesday said that during the de-escalation process in Ladakh's Galwan Valley, a violent face-off took place between Indian and Chinese armies. The Indian Army added, ""The loss of lives on Indian side includes an officer and 2 soldiers. Senior military officials of the two sides are currently meeting at the venue to defuse the situation.""",World,2020-06-16 15:10:53.806225 Tuesday,/en/news/officer-2-jawans-martyred-in-violent-faceoff-with-chinese-army-at-galwan-valley-army-1592293560711
68,US Supreme Court bars workplace discrimination against LGBT workers,"The US Supreme Court on Monday ruled that Title VII of the Civil Rights Act of 1964 protects LGBT workers from workplace discrimination. The Act bars employers from discriminating against employees on the basis of sex, race, colour, national origin and religion. The federal law should be understood to include sexual orientation and gender identity, the court said.",World,2020-06-16 15:10:53.806225 Tuesday,/en/news/us-supreme-court-bars-workplace-discrimination-against-lgbt-workers-1592243591645
69,S Korea urges N Korea not to go back to past era of confrontation,"South Korean President Moon Jae-in on Monday urged North Korean leader Kim Jong-un ""not to cut communications, raise tension and try to go back to the past era of confrontation"". North Korea cut hotlines with South Korea last week and said it will suspend all contacts if the South did not halt defectors from sending in leaflets and other material.",World,2020-06-16 15:10:53.806225 Tuesday,/en/news/moon-jaein-urges-n-korea-not-to-go-back-to-past-era-of-confrontation-1592238057659
70,"US F-15 fighter jet crashes off England's coast, pilot missing","An American F-15 fighter jet crashed in the North Sea off England on Monday during ""a routine training mission with one pilot on board"", the US Air Force said. ""The cause of the crash as well as the status of the pilot are unknown at this time and UK Search and Rescue have been called to support,"" it added.",World,2020-06-16 15:10:53.806225 Tuesday,/en/news/us-f15-fighter-jet-crashes-off-englands-coast-pilot-missing-1592232792914
71,Turkish jets carry out cross-border strikes in northern Iraq: Turkey,"Turkish jets carried out cross-border airstrikes against Kurdish militant targets in northern Iraq, the Turkish Defence Ministry said. The operation was carried out against Kurdistan Workers Party militants, designated as a terrorist group by Turkey. ""During the 'Claw-Eagle Operation' 81 targets, including shelters and caves belonging to terrorists threatening Turkey, were destroyed,"" it added. ",World,2020-06-16 15:10:53.806225 Tuesday,/en/news/turkish-jets-carry-out-crossborder-strikes-in-northern-iraq-turkey-1592236067831
72,"Philippine journo, who was 2018 Time Person of the Year, convicted of libel","Executive editor of news website Rappler Maria Ressa, who was among the journalists named Time Person of the Year 2018, has been found guilty of cyber libel in the Philippines. Ressa has been released on bail pending appeal. The case relates to an eight-year-old Rappler story alleging Philippine businessman Wilfredo Keng had links to illegal drug dealing and human trafficking.",World,2020-06-16 15:10:53.806225 Tuesday,/en/news/philippine-journo-who-was-2018-time-person-of-the-year-convicted-of-libel-1592232004925
73,Ready to take action over defectors sending leaflets from South: N Korea army,"Commenting on defectors sending anti-North leaflets from South Korea, North Korea's army said it is ready to take action. ""We'll rapidly and thoroughly implement any decisions and orders of the...government,"" it added. This comes after North Korean leader Kim Jong-un's sister Kim Yo-jong warned of retaliatory actions against South Korea over the leaflets.",World,2020-06-16 15:10:53.806225 Tuesday,/en/news/ready-to-take-action-over-defectors-sending-leaflets-from-south-n-korea-army-1592292340337
74,UK PM announces formation of commission to tackle racism,"UK PM Boris Johnson has announced creation of a ""cross-governmental commission"" to take stock of racial inequality issues in the country. Writing in the Daily Telegraph, Johnson said the commission would examine racism and the disparities experienced by minority ethnic groups in education, health, and criminal justice system. This comes amid worldwide protests over death of George Floyd in US.",World,2020-06-16 15:10:53.806225 Tuesday,/en/news/uk-pm-announces-formation-of-commission-to-tackle-racism-1592222257645
75,"Blaming girlfriend, ex-girlfriend, colleagues for someone's death ignorant: Sonam","Actress Sonam Kapoor Ahuja on Monday tweeted, ""Blaming a girlfriend, ex-girlfriend, family, colleagues for someone's death is ignorant and f*****g mean spirited."" Her tweet comes a day after actor Sushant Singh Rajput committed suicide at his Mumbai apartment. On Sunday, the actress shared a picture of the late actor on Instagram and wrote, ""I hope you find peace.""",Entertainment,2020-06-16 15:10:53.807225 Tuesday,/en/news/blaming-girlfriend-exgirlfriend-colleagues-for-someones-death-ignorant-sonam-1592237122842
76,Police to probe allegations that Sushant killed self due to rivalry in industry: Govt ,"Maharashtra Home Minister Anil Deshmukh has said that several media reports have claimed that Sushant Singh Rajput committed suicide allegedly due to business rivalry in the film industry. ""Mumbai Police will probe this angle too,"" he added. Sushant's body was found hanging at his residence in Bandra on Sunday. His last rites took place today.",Entertainment,2020-06-16 15:10:53.807225 Tuesday,/en/news/police-to-probe-allegations-that-sushant-killed-self-due-to-rivalry-in-industry-govt-1592238928473
77,"Sushant Singh Rajput's funeral held in Mumbai; Kriti Sanon, Shraddha Kapoor attend","Late actor Sushant Singh Rajput, who committed suicide at the age of 34, was cremated in Mumbai on Monday. His family members flew down from Patna, Bihar to attend the funeral. Celebrities including Kriti Sanon, Shraddha Kapoor, Varun Sharma and 'Kedarnath' director Abhishek Kapoor were spotted at his funeral. Sushant was found dead at his residence in Mumbai on Sunday.",Entertainment,2020-06-16 15:10:53.807225 Tuesday,/en/news/sushant-singh-rajputs-funeral-held-in-mumbai-kriti-sanon-shraddha-kapoor-attend-1592221237918
78,Can we cry in peace: Kriti's sister on 'harassment' for not posting on Sushant's death,"Following actor Sushant Singh Rajput's death, actress Kriti Sanon's sister Nupur said that some people are ""harassing"" those who are in a state of shock by sending them ""disgusting"" messages for not posting on Instagram. ""If we've your permission, can we cry in peace? Please?"" she added. Nupur revealed that they received a message that read 'You are so heartless'.",Entertainment,2020-06-16 15:10:53.807225 Tuesday,/en/news/can-we-cry-in-peace-kritis-sister-on-harassment-for-not-posting-on-sushants-death-1592227567309
79,"Blaming Alia Bhatt, Karan Johar for Sushant's suicide is height of idiocy: Swara","Following the demise of actor Sushant Singh Rajput, actress Swara Bhasker tweeted, ""Parts of India Twitter blaming #KaranJohar and #AliaBhatt for the tragic suicide of Sushant - for some silly game played on a frivolous and pointless chat show...is both the height of idiocy and hypocrisy!"" ""STOP taking out [your] frustration using the pain of a troubled person,"" she added. ",Entertainment,2020-06-16 15:10:53.807225 Tuesday,/en/news/blaming-alia-bhatt-karan-johar-for-sushants-suicide-is-height-of-idiocy-swara-1592283469697
80,Knew story of people who let Sushant down so bad he'd weep on my shoulder: Shekhar,"Filmmaker Shekhar Kapur, while mourning the demise of actor Sushant Singh Rajput, tweeted, ""I knew the pain you were going through. I knew the story of the people that let you down so bad that you would weep on my shoulder."" ""I wish I was around the last 6 months...What happened to you was their Karma. Not yours,"" he added.",Entertainment,2020-06-16 15:10:53.807225 Tuesday,/en/news/knew-story-of-people-who-let-sushant-down-so-bad-hed-weep-on-my-shoulder-shekhar-1592216437262
81,What kind of a mind leads one to suicide is eternal mystery: Big B on Sushant's demise,"Sharing a post on Instagram following Sushant Singh Rajput's demise, Amitabh Bachchan wrote, ""What kind of a mind leads one to suicide is an eternal mystery...To end a most gainful life, is simply not permitted."" ""Why...Why...Sushant Singh Rajput...why [did] you end your life?"" he added. ""Your brilliant talent...your brilliant mind...laid to rest, without asking, seeking...why?"" he further wrote.",Entertainment,2020-06-16 15:10:53.807225 Tuesday,/en/news/what-kind-of-a-mind-leads-one-to-suicide-is-eternal-mystery-big-b-on-sushants-demise-1592217109412
82,Why was Sushant's performance in films not acknowledged: Kangana after his demise,"After Sushant Singh Rajput's demise, Kangana Ranaut shared a video in which she questioned why he wasn't given credit for his films. ""Why wasn't his debut performance in 'Kai Po Che' acknowledged...If you see some of his posts, he's been asking people to watch his films saying he'll be removed from the industry as he has no 'godfather',"" she said.",Entertainment,2020-06-16 15:10:53.807225 Tuesday,/en/news/why-was-sushants-performance-in-films-not-acknowledged-kangana-after-his-demise-1592239806915
83,"Sushant Singh Rajput showed signs of clinical depression, sought counselling: Police","Mumbai Police has said that Sushant Singh Rajput, who committed suicide on Sunday, had shown symptoms of clinical depression and was consulting a psychiatrist. They added that he, however, was not taking any medication. The police further said that they learnt this after recording the statement of six persons including Sushant's sister, actor Mahesh Shetty and two managers.",Entertainment,2020-06-16 15:10:53.807225 Tuesday,/en/news/sushant-singh-rajput-showed-signs-of-clinical-depression-sought-counselling-police-1592238936639
84,"Sushant didn't have financial issues, didn't expect he'd take such a step: Sister","Late actor Sushant Singh Rajput's sister, in a statement to police following his suicide, said there were no financial problems in the actor's life. However, he was not feeling well for the last one week, she added. His sister further said that while she was aware about the actor's depression, she never expected him to take such a drastic step.",Entertainment,2020-06-16 15:10:53.807225 Tuesday,/en/news/sushant-didnt-have-financial-issues-didnt-expect-hed-take-such-a-step-sister-1592282726758
85,"Flying to India, can 7-day quarantine period be waived off: Sushant's US-based sister","Following the demise of actor Sushant Singh Rajput, his US-based sister Shweta Singh Kirti wrote in a Facebook post, ""By everyone's help...tickets to India are confirmed. I am flying on 16th, will reach Mumbai via Delhi."" ""Worried about 7 Day quarantine period...is there a way it can be waived off? I need to get to my family soon,"" she added. ",Entertainment,2020-06-16 15:10:53.807225 Tuesday,/en/news/flying-to-india-can-7day-quarantine-period-be-waived-off-sushants-usbased-sister-1592286829846
86,"Film industry doesn't care, to pretend that we do is insult to the dead: Saif","Following actor Sushant Singh Rajput's demise, Saif Ali Khan said that the film industry is ""famously competitive"" and the pretense of caring for Sushant is an ""insult"" to the dead. He said, ""We don’t care about anybody. It’s a very cut-throat line of work. But to pretend you do care is like the ultimate hypocrisy.""",Entertainment,2020-06-16 15:10:53.807225 Tuesday,/en/news/film-industry-doesnt-care-to-pretend-that-we-do-is-insult-to-the-dead-saif-1592290405814
87,Stop talking behind people's backs: Sikander Kher urges B'wood after Sushant's demise,"Condoling Sushant Singh Rajput's demise, actor Sikander Kher in a video said, ""It's an unbearable tragedy."" ""Stop talking behind people's backs...stop bitching,"" he urged. ""Some people don't have anyone to talk to and they are f**ked...they are helpless and this is what...probably [drove Sushant] to [kill himself]...This is a bloody cruel industry,"" Sikander said, adding, ""He was [someone's] son.""",Entertainment,2020-06-16 15:10:53.807225 Tuesday,/en/news/stop-talking-behind-peoples-backs-sikander-kher-urges-bwood-after-sushants-demise-1592222558184
88,Something has to be said about 'gatekeepers of B'wood': Ranvir Shorey,"Actor Ranvir Shorey on Monday tweeted on late actor Sushant Singh Rajput's demise, where he said, ""It wouldn't be fair to blame someone for a step that he took himself"". ""But something has to be said about the self-appointed 'gatekeepers of Bollywood',"" he added. Shorey also said, ""Something has to be said about the power they wield with zero accountability.""",Entertainment,2020-06-16 15:10:53.807225 Tuesday,/en/news/something-has-to-be-said-about-gatekeepers-of-bwood-ranvir-shorey-1592228778693
89,Certain people should stop using Sushant's death for publicity: Sonakshi,"Sonakshi Sinha took to Twitter on Monday to criticise people for using Sushant Singh Rajput's suicide as an excuse to ""highlight"" their issues. ""To certain people trying to garner publicity and highlight THEIR issues using the death of [Sushant]...PLEASE just stop,"" she wrote. ""Your...hate and toxicity is...not required right now. Have some respect for the departed. Really,"" Sonakshi added.",Entertainment,2020-06-16 15:10:53.807225 Tuesday,/en/news/certain-people-should-stop-using-sushants-death-for-publicity-sonakshi-1592281732168
90,Pain in Sushant's dad's eyes while lighting his pyre was unbearable: Vivek Oberoi,"After attending Sushant Singh Rajput's cremation, Vivek Oberoi took to Twitter and said that seeing the pain in Sushant's father's eyes as he lit his son's pyre was unbearable. ""When I heard his sister...begging him to come back, I can't express how deeply tragic it felt,"" he wrote. ""I...wish I could've shared my...experience and helped...ease [Sushant's] pain,"" Vivek added.",Entertainment,2020-06-16 15:10:53.807225 Tuesday,/en/news/pain-in-sushants-dads-eyes-while-lighting-his-pyre-was-unbearable-vivek-oberoi-1592285226188
91,"People in B'wood played dirty politics & tried to bury me, I fought back: Raveena","Raveena Tandon in a series of tweets revealed that people in Bollywood made fun of her, tried to bury her and played dirty politics, adding, ""[I was]...removed from films by heroes, their girlfriends...#OldWoundsRevisited."" ""Chamcha journos write pages & pages destroying...the hard work...you might've done,"" she added. ""But...the more they tried to bury me, the harder I fought back,"" Raveena said.",Entertainment,2020-06-16 15:10:53.807225 Tuesday,/en/news/people-in-bwood-played-dirty-politics-tried-to-bury-me-i-fought-back-raveena-1592292923655
92,Was once asked if I'll 'compromise' for ad: 'Gulabo...' actress Srishti,"Actress Srishti Shrivastava, who recently featured in Ayushmann Khurrana-starrer 'Gulabo Sitabo', has revealed she used to receive messages like, ""There's an audition for an advertisement. Are you ready to compromise?"" ""I used to be so scared...[and] block that person,"" she said. ""Such instances haven't occurred in the recent past. If they did, it'll be reported to the police,"" Srishti added.",Entertainment,2020-06-16 15:10:53.807225 Tuesday,/en/news/was-once-asked-if-ill-compromise-for-ad-gulabo-actress-srishti-1592216900866
93,B'wood's high & mighty didn't keep in touch with Sushant as his career dipped: Nikhil,"After Sushant Singh Rajput's suicide, actor-producer Nikhil Dwivedi took to Twitter to criticise Bollywood for only maintaining contact with peers when they are successful. ""At times our...industry's hypocrisy gets to me,"" he tweeted. ""High & mighty announcing they [should have] kept in touch with Sushant. C'mon [you] didn't! [And that's because] his career dipped. So STFU!"" Nikhil added.",Entertainment,2020-06-16 15:10:53.807225 Tuesday,/en/news/bwoods-high-mighty-didnt-keep-in-touch-with-sushant-as-his-career-dipped-nikhil-1592217854483
94,Sushant used to get upset he couldn't work amid lockdown: Rumi Jaffery,"Writer-director Rumi Jaffery has revealed that he had roped in Sushant Singh Rajput and Rhea Chakraborty for a film. Furthermore, Jaffery said Sushant used to get upset as he could not get back to work amid the lockdown. Jaffery also revealed he had asked Sushant to take care after learning about his ex-manager's death and he replied, ""Love you sir.""",Entertainment,2020-06-16 15:10:53.807225 Tuesday,/en/news/sushant-used-to-get-upset-he-couldnt-work-amid-lockdown-rumi-jaffery-1592288695106
95,B'wood Privilege Club must sit down & think hard: Anubhav Sinha on Sushant's suicide,"After Sushant Singh Rajput died by suicide on Sunday, filmmaker Anubhav Sinha tweeted, ""Bollywood Privilege Club must sit down and think hard tonight. PS- Now don't ask me to elaborate any further."" In another tweet, he wrote, ""I've seen Patna and I've seen Bandra. It's a long journey in 34 years."" ""Can't fathom what hurt him so hard,"" Anubhav added.",Entertainment,2020-06-16 15:10:53.807225 Tuesday,/en/news/bwood-privilege-club-must-sit-down-think-hard-anubhav-sinha-on-sushants-suicide-1592216174093
96,Beloved show business is very cruel: Dharmendra after Sushant's suicide,"Mourning actor Sushant Singh Rajput's death, Dharmendra tweeted, ""Dear Sushant, I never watched your films or ever met you. But your sudden demise has shocked me."" ""This beautiful beloved 'show business' is very cruel. I can imagine your unbearable pain,"" the 84-year-old further wrote. ""I share the pain of your loving family and friends,"" Dharmendra added.",Entertainment,2020-06-16 15:10:53.807225 Tuesday,/en/news/beloved-show-business-is-very-cruel-dharmendra-after-sushants-suicide-1592221518574
97,Oscars 2021 postponed by two months to April due to COVID-19,"The 93rd Academy Awards ceremony, due to take place on 28 February 2021, has been postponed by nearly two months to 25 April 2021 amid coronavirus pandemic. This is the fourth time in its history that the Oscars are being postponed. Furthermore, feature films releasing between 1 January 2020 and 28 February 2021 will now qualify for the Oscars consideration.",Entertainment,2020-06-16 15:10:53.807225 Tuesday,/en/news/oscars-2021-postponed-by-two-months-to-april-due-to-covid19-1592281680120
98,It can pull you to very dark places: Shamita on battling depression,"Actress Shamita Shetty in a recent Instagram post revealed that she has been through depression. ""It can pull you into a very dark place, where hope and happiness don't exist...it feeds on every part of your soul,"" she wrote. ""It took me a while to recognise and accept it...[and] look it...in the eyes and say...'I will beat you!'"" Shamita added.",Entertainment,2020-06-16 15:10:53.807225 Tuesday,/en/news/it-can-pull-you-to-very-dark-places-shamita-on-battling-depression-1592297771713
99,Investment platform Groww launches stock trading,"Online mutual funds platform Groww, has enabled buying/selling of stocks on their app & website. The platform charges zero brokerage on investing. Aiming to simplify the stock investing experience, Groww has been built with an intuitive UI and provides detailed data for analysing stocks. A new account on Groww gets opened in minutes, unlike days on other platforms.",Business,2020-06-16 15:10:53.807225 Tuesday,/en/news/investment-platform-groww-launches-stock-trading-1592281821973
100,NRI businessman charters flight to evacuate 120 staff from UAE to Kerala,"A businessman from Kerala based in Sharjah chartered an aircraft to fly his 120 employees to Kochi after they were stranded due to coronavirus pandemic. The Air Arabia flight also carried 50 others looking for tickets after they lost their jobs in the UAE. Mr Hari Kumar, General Manager of Elite Group of Companies, said, ""I only did my job"".",Business,2020-06-16 15:10:53.807225 Tuesday,/en/news/nri-businessman-charters-flight-to-evacuate-120-staff-from-uae-to-kerala-1592227126540
101,Only 10% companies were systems resilient before COVID-19: Accenture research,"Only the top 10% of companies were systems resilient before COVID-19, according to Accenture's research of 8,300 companies. Systems resilience describes a system’s ability to operate during a major disruption or crisis by preventing outages, mitigating their impact, or recovering from them. Accenture analysed the companies on applications, architecture, data, cloud, infrastructure and network.",Business,2020-06-16 15:10:53.807225 Tuesday,/en/news/only-10-companies-were-systems-resilient-before-covid19-accenture-research-1592222135027
102,JCB India fires 400 permanent employees amid COVID-19 pandemic,"Earthmoving and construction equipment maker JCB India has fired around 400 permanent employees amid the COVID-19 pandemic. ""There was almost no demand for construction equipment in April,"" a spokesperson said. They said the company witnessed an almost 80% year-on-year fall in demand for products in May and June, adding a special severance package is being provided to the affected employees.",Business,2020-06-16 15:10:53.807225 Tuesday,/en/news/jcb-india-fires-400-permanent-employees-amid-covid19-pandemic-1592026984305
103,"India's Zydus Cadila, Dr Reddy's ink pacts to make potential COVID-19 drug Remdesivir","Ahmedabad-based drugmaker Zydus Cadila and Hyderabad-based Dr Reddy's Laboratories said they have signed non-exclusive licensing pacts with US-based Gilead Sciences. This gives them the right to make and sell Gilead's investigational antiviral drug, Remdesivir, a potential treatment for COVID-19. They will be able to market the drug in 127 countries after getting necessary regulatory approvals.",Business,2020-06-16 15:10:53.807225 Tuesday,/en/news/indias-zydus-cadila-dr-reddys-ink-pacts-to-make-potential-covid19-drug-remdesivir-1592112740898
104,"Tata Motors plans to fire 1,100 contract workers at Jaguar Land Rover","Tata Motors plans to fire nearly 1,100 contract-agency employees at Jaguar Land Rover (JLR), amid the coronavirus pandemic. This comes after it raised the cost-cutting target at the luxury unit by £1 billion (around ₹9,600 crore). JLR, which is the UK’s largest automotive manufacturer, has posted a loss of £501 million (about ₹4,800 crore) before tax in the March quarter.",Business,2020-06-16 15:10:53.807225 Tuesday,/en/news/tata-motors-plans-to-fire-1100-contract-workers-at-jaguar-land-rover-1592293381092
105,Saudi wealth fund PIF to invest $1.5 bn in Jio Platforms for 2.33% stake: Report,"Saudi Arabia's sovereign wealth fund Public Investment Fund (PIF) is set to invest around $1.5 billion (nearly ₹11,000 crore) in Mukesh Ambani-led Jio Platforms for 2.33% stake, Gulf News reported. If the investment goes through, it will mark the eleventh deal closed by the RIL unit in recent weeks. Jio has sold 22.38% stake for ₹1,04,326.95 crore within eight weeks.",Business,2020-06-16 15:10:53.808222 Tuesday,/en/news/saudi-wealth-fund-pif-to-invest-$15-bn-in-jio-platforms-for-233-stake-report-1592283007877
106,"Jio Platforms to raise ₹4,546 crore from TPG in its 9th deal in 8 weeks","Reliance Industries has announced that US private equity firm TPG Capital will invest ₹4,546.8 crore in Jio Platforms for a 0.93% stake. This is the ninth investment in Jio Platforms in eight weeks. With this investment, Jio Platforms has raised ₹102,432 crore from investors including Facebook and Silver Lake.",Business,2020-06-16 15:10:53.808222 Tuesday,/en/news/jio-platforms-to-raise-₹4546-crore-from-tpg-in-its-9th-deal-in-8-weeks-1592065535354
107,"Ex-eBay execs charged with sending live cockroaches, 'bloody pig mask' to couple","Six former eBay employees, including its senior safety director, were charged in the US for ""cyberstalking"" the editor and publisher of an e-commerce newsletter viewed as ""critical"" of eBay. They allegedly sent the couple anonymous threats, live spiders, cockroaches, a funeral wreath and a ""bloody pig mask"", spied on the victims and ordered a ""preserved fetal pig"", which wasn't delivered.",Business,2020-06-16 15:10:53.808222 Tuesday,/en/news/exebay-execs-charged-with-sending-live-cockroaches-bloody-pig-mask-to-couple-1592291281286
108,"Pinterest's two policy officials resign alleging racial discrimination, retaliation","Two black women who worked in image-sharing website Pinterest's public policy team said they left after facing workplace racial discrimination. Ifeoma Ozoma said she was underpaid, doxxed by a white colleague, got ""inadequate"" company response and faced a retaliatory performance review. Her colleague, Aerica Shimizu Banks, alleged she faced disparaging remarks about her ethnicity from her manager.",Business,2020-06-16 15:10:53.808222 Tuesday,/en/news/pinterests-two-policy-officials-resign-alleging-racial-discrimination-retaliation-1592279784451
109,Back to back team calls 12 hrs a day 'new normal' for me: Microsoft India President,"Microsoft India President Anant Maheshwari said that being present on back to back team calls for at least 12 hours a day has become the 'new normal' for him during coronavirus lockdown. He said the 'new normal' for corporates differs from industry to industry. ""IT services companies will definitely have a 'new normal' of a hybrid workplace,"" he added.",Business,2020-06-16 15:10:53.808222 Tuesday,/en/news/back-to-back-team-calls-12-hrs-a-day-new-normal-for-me-microsoft-india-president-1592150697109
110,You can't play games: SC to car dealers for violating order on BS-IV vehicle sales,"Supreme Court criticised Federation of Automobile Dealers Associations of India (FADA) for not following its order permitting limited sale of BS-IV vehicles after March 31. A bench observed the sale of 1.05 lakh vehicles were allowed but 2.55 lakh vehicles were sold. ""You cannot play games with Supreme Court. Why didn't you file second affidavit by May?"" SC asked FADA.",Business,2020-06-16 15:10:53.808222 Tuesday,/en/news/you-cant-play-games-sc-to-car-dealers-for-violating-order-on-bsiv-vehicle-sales-1592298616580
111,"Mahindra & Mahindra posts ₹3,255 crore loss in March quarter","Automaker Mahindra & Mahindra has posted a net loss of ₹3,255 crore for the quarter ended March 2020, primarily due to ""write-down of investment in South Korean unit SsangYong and some other international subsidiaries"". The company had posted a ₹969-crore profit in the same period last year. Its revenue decreased by 35% year-on-year to ₹9,005 crore during the March quarter.",Business,2020-06-16 15:10:53.808222 Tuesday,/en/news/mahindra-mahindra-posts-₹3255-crore-loss-in-march-quarter-1592134668987
112,SoftBank completes $4.7 billion share buyback program in 3 months,"SoftBank Group has completed its $4.7 billion buyback program in just three months. Since March, the Japanese company has bought back 107.68 million shares of its own stock as of June 15, a company filing showed. The Masayoshi Son-led group has already lined up a second re-purchase of as much as 2 trillion yen (around $18.6 billion), without a timeframe.",Business,2020-06-16 15:10:53.808222 Tuesday,/en/news/softbank-completes-$47-billion-share-buyback-program-in-3-months-1592221384084
113,"Petrol, diesel prices hiked across India for the ninth consecutive day","Petrol and diesel prices were on Monday hiked across India for the ninth consecutive day. In Delhi, petrol now costs ₹0.48 more at ₹76.26 per litre, while diesel costs ₹0.59 higher at ₹74.62 per litre. The hikes come after oil PSUs took an 82-day break from rate revisions on account of extreme volatility in the international oil markets.",Business,2020-06-16 15:10:53.808222 Tuesday,/en/news/petrol-diesel-prices-hiked-across-india-for-the-ninth-consecutive-day-1592197454156
114,"Petrol, diesel rates hiked for 10th straight day; jet fuel price up by 16.3% in Delhi","Petrol and diesel prices were on Tuesday hiked for the tenth straight day. In Delhi, petrol price was hiked by 47 paise to ₹76.73 per litre, while diesel rate was raised by 57 paise to ₹75.19 a litre. The Aviation Turbine Fuel (ATF) price was increased by ₹5,494.5 per kilolitre or 16.3% to ₹39,069.87 a kilolitre in the national capital.",Business,2020-06-16 15:10:53.808222 Tuesday,/en/news/petrol-diesel-rates-hiked-for-10th-straight-day-jet-fuel-price-up-by-163-in-delhi-1592294430964
115,India's merchandise exports fall by 36% in May from a year ago,"India's merchandise exports declined by more than a third in May from a year ago, Commerce Ministry data showed on Monday. Merchandise exports were down by 36.47% to $19.05 billion in May, while imports were down 51.05% to $22.20 billion. In April, merchandise exports and imports had declined by 60.3% and 58.7%, respectively.",Business,2020-06-16 15:10:53.808222 Tuesday,/en/news/indias-merchandise-exports-fall-by-36-in-may-from-a-year-ago-1592230728050
116,"Shoppers Stop reportedly fires 1,100 staff, says it's inevitable in current situation","Department store chain Shoppers Stop, owned by K Raheja Corp, is reportedly laying off around 1,100 employees and closing some stores. ""Like other retailers, we will be looking at closing lower-performing and unsustainable stores. With the declining business, layoffs are unfortunately inevitable,"" it said. The company added it will rehire from the same set of people when business improves.",Business,2020-06-16 15:10:53.808222 Tuesday,/en/news/shoppers-stop-reportedly-fires-1100-staff-says-its-inevitable-in-current-situation-1592047168680
117,"Jio Platforms to raise ₹1,895 crore from L Catterton in its 10th deal in 8 weeks","Mukesh Ambani-led Jio Platforms has announced that it is raising ₹1894.5 crore from US-based L Catterton, the world's largest consumer-focused private equity firm. The LVMH-backed private equity firm will pick a 0.39% stake in Jio Platforms. This marks the tenth investment in the company within eight weeks. Reliance Industries has now sold 22.38% stake in Jio Platforms for ₹1,04,326.95 crore.",Business,2020-06-16 15:10:53.808222 Tuesday,/en/news/jio-platforms-to-raise-₹1895-crore-from-l-catterton-in-its-10th-deal-in-8-weeks-1592106041014
118,Ex-Infosys employee files racial discrimination lawsuit against it in US,"A former Infosys employee has filed a ""racial discrimination"" lawsuit against it in the US. Davina Linguist claimed Infosys demoted her from her title as the head of diversity recruiting in retaliation for testifying against the company in another lawsuit. Linguist, a US national of African-American race, alleged discrimination ""against non-Indian employees"" in hiring, promotion and compensation.",Business,2020-06-16 15:10:53.808222 Tuesday,/en/news/exinfosys-employee-files-racial-discrimination-lawsuit-against-it-in-us-1592050085557
119,"Sensex rises 700 points in opening session, Nifty reclaims 10,000 mark","Equity benchmark index Sensex jumped by more than 700 points to 33,954 in Tuesday's opening session, on the back of gains in the global markets. Meanwhile, the broader Nifty50 crossed the 10,000-mark by rising over 200 points. All 30 Sensex stocks were trading in the green, with ICICI Bank, HDFC and Tata Steel leading the gains.",Business,2020-06-16 15:10:53.808222 Tuesday,/en/news/sensex-rises-700-points-in-opening-session-nifty-reclaims-10000-mark-1592282688644
120,India gets its first natural gas trading platform,"India's first automated natural gas trading platform went live on Monday, after being launched by Oil Minister Dharmendra Pradhan. The Indian Gas Exchange (IGX) features multiple buyers and sellers to trade in spot and forward contracts at designated physical hubs. Set up by the Indian Energy Exchange (IEX), the platform already has 12 members and over 300 clients so far.",Business,2020-06-16 15:10:53.808222 Tuesday,/en/news/india-gets-its-first-natural-gas-trading-platform-1592216348259
121,India's wholesale inflation at -3.21% in May,"India's wholesale inflation, measured by Wholesale Price Index (WPI), stood at -3.21% in May 2020, compared to 2.79% during the same month last year, government data showed. It said the provisional figures were compared with final figures from May 2019, due to limited data available for April 2020. The food inflation in May eased to 1.13% from 2.55% in April.",Business,2020-06-16 15:10:53.808222 Tuesday,/en/news/indias-wholesale-inflation-at-321-in-may-1592208711768
122,We're probing AirAsia India: DGCA after pilot alleges safety violations,"The Directorate General of Civil Aviation (DGCA) has said that they are investigating AirAsia India after its pilot Gaurav Taneja in a video on YouTube alleged violations of safety norms by the low-cost airliner. In its tweet, DGCA said that they ""shall take appropriate action based on the outcome of the said investigation"". ",Business,2020-06-16 15:10:53.808222 Tuesday,/en/news/were-probing-airasia-india-dgca-after-pilot-alleges-safety-violations-1592279060285
123,"Tata Motors reports ₹9,894 cr loss in Q4, against ₹1,108 cr profit a year ago","Tata Motors reported a loss of ₹9,894 crore for the fourth quarter, compared to ₹1,108 crore profit in the same quarter last year. Its revenue from operations fell 28% year-on-year to ₹62,493 crore against ₹86,422 crore during the same time last year. TML's total wholesales for the fourth quarter fell 47% to 1,01,069 units from 1,92,339 units a year ago.",Business,2020-06-16 15:10:53.808222 Tuesday,/en/news/tata-motors-reports-₹9894-cr-loss-in-q4-against-₹1108-cr-profit-a-year-ago-1592299673872
